Titulo;Precio_Euros
DIGIMON CARD GAME EXTRA BOOSTER DAWN OF LIBERATOR [EX-11]; 4.99 $
DIGIMON CARD GAME TIME STRANGER [BT-24]; 4.99 $
DIGIMON CARD GAME OFFICIAL CARD SLEEVES 02; 9.00 $
DIGIMON CARD GAME Playmat & Card Set Paildramon & Dinobeemon; 45.00 $
DIGIMON CARD GAME AMETHYST MANDALA [ST-22]; 29.99 $
DIGIMON CARD GAME HACKERS' SLUMBER [BT-23]; 4.99 $
DIGIMON CARD GAME PREMIUM CARD COLLECTION DIGIMON TRAINING SET; 15.00 $
DIGIMON CARD GAME OFFICIAL CARD SLEEVES VER. ALPHAMON; 9.00 $
DIGIMON CARD GAME OFFICIAL CARD SLEEVES VER. OMNIMON; 9.00 $
DIGIMON CARD GAME EXTRA BOOSTER SINISTER ORDER [EX-10]; 4.99 $
DIGIMON CARD GAME LIMITED CARD PACK ANOTHER KNIGHT; 35.00 $
DIGIMON CARD GAME CYBER EDEN [BT-22]; 4.99 $
DIGIMON CARD GAME PREMIUM HEROINES SET VER. 2 [PB-23]; 45.00 $
DIGIMON CARD GAME OFFICIAL CARD SLEEVES 01; 8.00 $
DIGIMON CARD GAME EXTRA BOOSTER VERSUS MONSTERS [EX-09]; 4.99 $
DIGIMON CARD GAME DIGIMON LIBERATOR DEBUGGERS SET [PB-22]; 60.00 $
DIGIMON CARD GAME WORLD CONVERGENCE [BT-21]; 4.99 $
DIGIMON CARD GAME HERO OF HOPE [ST-21]; 15.99 $
DIGIMON CARD GAME PROTECTOR OF LIGHT [ST-20]; 15.99 $
DIGIMON CARD GAME TAMER’S EVOLUTION BOX -RISE OF DIGIMON- [PB-21]; 200.00 $
DIGIMON CARD GAME LIMITED CARD PACK BILLION BULLET; 35.00 $
DIGIMON CARD GAME TAMER'S SELECTION BOX ver. CHAMPIONSHIP 2024; 35.00 $
DIGIMON CARD GAME DIGIMON ANIMATION SERIES 25TH ANNIVERSARY SET [PB20]; 70.00 $
DIGIMON CARD GAME OFFICIAL SLEEVES 2025 Ver.1.0; 8.00 $
DIGIMON CARD GAME SPECIAL BOOSTER Ver.2.5 [BT19-20]; 4.99 $
DIGIMON CARD GAME PREMIUM CARD COLLECTION MEMORY BOOST! SET; 15.00 $
DIGIMON CARD GAME OFFICIAL SLEEVES DIGIMON ANIMATION SERIES 25th; 9.00 $
DIGIMON CARD GAME OMNIMON BINDER SET [PB19]; 80 $
DIGIMON CARD GAME EXTRA BOOSTER CHAIN OF LIBERATION [EX08]; 4.49 $
DIGIMON CARD GAME SPECIAL BOOSTER Ver.2.0 [BT18-19]; 4.49 $
DIGIMON CARD GAME SPECIAL LIMITED SET; 7.50 $
DIGIMON CARD GAME PREMIUM HEROINES SET [PB18]; 45.00 $
DIGIMON CARD GAME EXTRA BOOSTER DIGIMON LIBERATOR [EX07]; 4.49 $
DIGIMON CARD GAME FABLE WALTZ [ST19]; 15.99 $
DIGIMON CARD GAME GUARDIAN VORTEX [ST18]; 15.99 $
DIGIMON CARD GAME SECRET CRISIS [BT17]; 4.49 $
DIGIMON CARD GAME OFFICIAL SLEEVES 2024 Ver.2.0; 8.00 $
DIGIMON CARD GAME DIGIMON ADVENTURE 02: THE BEGINNING SET [PB17]; 80.00 $
DIGIMON CARD GAME THEME BOOSTER INFERNAL ASCENSION [EX06]; 4.49 $
DIGIMON CARD GAME BEGINNING OBSERVER [BT16]; 4.49 $
DIGIMON CARD GAME ADVENTURE BOX 2024 [AB03]; 24.99 $
DIGIMON CARD GAME OFFICIAL SLEEVES 2024 Ver.1.0; 8.00 $
DIGIMON CARD GAME DOUBLE TYPHOON [ST17]; 29.99 $
DIGIMON CARD GAME PREMIUM BINDER SET; 100.00 $
DIGIMON CARD GAME EXCEED APOCALYPSE [BT15]; 4.49 $
DIGIMON CARD GAME DOUBLE PACK SET 02 [DP02]; 9.99 $
DIGIMON CARD GAME OFFICIAL CARD SLEEVES GOLD; 9.00 $
DIGIMON CARD GAME OFFICIAL CARD SLEEVES SILVER; 9.00 $
DIGIMON CARD GAME OFFICIAL PLAYMAT -BANDAI CARD GAMES FEST 23-24 EDITION-; 30.00 $
DIGIMON CARD GAME THEME BOOSTER ANIMAL COLOSSEUM [EX05]; 4.49 $
DIGIMON CARD GAME BLAST ACE [BT14]; 4.49 $
DIGIMON CARD GAME GIFT BOX 2023 [GB03]; 19.99 $
DIGIMON CARD GAME DOUBLE PACK SET [DP01]; 9.99 $
DIGIMON CARD GAME WOLF OF FRIENDSHIP [ST16]; 15.99 $
DIGIMON CARD GAME DRAGON OF COURAGE [ST15]; 15.99 $
DIGIMON CARD GAME ADVENTURE BOX 2; 19.99 $
DIGIMON CARD GAME RESURGENCE BOOSTER [RB01]; 4.99 $
DIGIMON CARD GAME OFFICIAL SLEEVES 2023; 8.00 $
DIGIMON CARD GAME TAMER GOODS SET DIABOROMON [PB16]; 50.00$
DIGIMON CARD GAME VERSUS ROYAL KNIGHTS [BT13]; 4.49 $
DIGIMON CARD GAME THEME BOOSTER ALTERNATIVE BEING [EX04]; 4.19 $
DIGIMON CARD GAME TAMER GOODS SET ANGEWOMON & LADYDEVIMON [PB14]; 40.00 $
DIGIMON CARD GAME DECK BOX SET / BEELZEMON; 40.00 $
DIGIMON CARD GAME ROYAL KNIGHTS BINDER SET [PB13]; 50.00 $
DIGIMON CARD GAME ACROSS TIME [BT12]; 4.19 $
DIGIMON CARD GAME BEELZEMON [ST14]; 29.99 $
DIGIMON CARD GAME OFFICIAL SLEEVES 2022 Ver.2.0; 8.00 $
DIGIMON CARD GAME 2nd ANNIVERSARY SET [PB-12E]; 100.00 $
DIGIMON CARD GAME DIMENSIONAL PHASE [BT11]; 4.19 $
DIGIMON CARD GAME TAMER'S SET Vol.5 [PB-11]; 35.00 $
DIGIMON CARD GAME THEME BOOSTER DRACONIC ROAR [EX-03]; 4.19 $
DIGIMON CARD GAME GIFT BOX 2022; 29.99 $
DIGIMON CARD GAME XROS ENCOUNTER [BT10]; 4.19 $
DIGIMON CARD GAME RAGNALOARDMON [ST-13]; 15.99 $
DIGIMON CARD GAME JESMON [ST-12]; 15.99 $
DIGIMON CARD GAME PREMIUM DECK SET [PD-01]; 59.99 $
DIGIMON CARD GAME TAMER'S SET Vol.4 [PB-10]; 35.00 $
DIGIMON CARD GAME PLAYMAT AND CARD SET 2 FLORAL FUN [PB-09]; 35.00 $
DIGIMON CARD GAME X RECORD [BT09]; 4.19 $
DIGIMON CARD GAME ADVENTURE BOX; 19.99 $
DIGIMON CARD GAME OFFICIAL SLEEVES 2022; 6.50 $
DIGIMON CARD GAME THEME BOOSTER DIGITAL HAZARD [EX-02]; 4.19 $
DIGIMON CARD GAME PLAYMAT AND CARD SET 1 DIGIMON TAMERS [PB-08]; 35.00 $
DIGIMON CARD GAME TAMER'S SET EX [PB-07]; 20.00 $
DIGIMON CARD GAME NEW AWAKENING [BT08]; 4.19 $
DIGIMON CARD GAME PARALLEL WORLD TACTICIAN [ST-10]; 12.99 $
DIGIMON CARD GAME ULTIMATE ANCIENT DRAGON [ST-9]; 12.99 $
DIGIMON CARD GAME TAMER'S EVOLUTION BOX 2 [PB-06]; 70.00 $
DIGIMON CARD GAME OFFICIAL SLEEVES 2021 Ver.2.0; 6.50 $
DIGIMON CARD GAME TAMER'S SET Vol.3 [PB-05]; 35.00 $
DIGIMON CARD GAME NEXT ADVENTURE [BT07]; 3.99 $
DIGIMON CARD GAME THEME BOOSTER CLASSIC COLLECTION [EX01]; 3.99 $
DIGIMON CARD GAME GIFT BOX; 24.99 $
DIGIMON CARD GAME TAMER'S SET Vol.2 [PB-04]; 35.00 $
DIGIMON CARD GAME DOUBLE DIAMOND [BT06]; 3.99 $
DIGIMON CARD GAME ULFORCEVEEDRAMON [ST-8]; 12.99 $
DIGIMON CARD GAME GALLANTMON [ST-7]; 12.99 $
DIGIMON CARD GAME OFFICIAL WARGREYMON PLAYMAT [PB-03]; 33.99 $
DIGIMON CARD GAME BATTLE OF OMNI [BT05]; 3.99 $
DIGIMON CARD GAME GREAT LEGEND [BT04]; 3.99 $
DIGIMON CARD GAME VENOMOUS VIOLET [ST-6]; 9.99 $
DIGIMON CARD GAME MACHINE BLACK [ST-5]; 9.99 $
DIGIMON CARD GAME GIGA GREEN [ST-4]; 9.99 $
DIGIMON CARD GAME OFFICIAL SLEEVES 2021; 6.50 $
DIGIMON CARD GAME PREMIUM PACK SET 01; 15.96 $
DIGIMON CARD GAME TAMER'S SET [PB-02]; 35.00 $
DIGIMON CARD GAME RELEASE SPECIAL BOOSTER Ver.1.5 [BT01-03]; 3.99 $
DIGIMON CARD GAME RELEASE SPECIAL BOOSTER Ver.1.0 [BT01-03]; 3.99 $
DIGIMON CARD GAME TAMER'S EVOLUTION BOX [PB-01]; 70.00 $
DIGIMON CARD GAME HEAVEN’S YELLOW [ST-3]; 9.99 $
DIGIMON CARD GAME COCYTUS BLUE [ST-2]; 9.99 $
DIGIMON CARD GAME GAIA RED [ST-1]; 9.99 $
DIGIMON CARD GAME OFFICIAL SLEEVES 2020; 6.50 $
